tx_hash,tx_nonce,tx_block_hash,tx_block_number,tx_index,tx_from,tx_to,tx_value,tx_gas,tx_gas_price,tx_input
0xf6d954908a0025efa6b631f7afde2981ae4522edeb6d5e6abb885c288528ba99,65628,0xcebe6edeb7b1f38c730d2a1e0724cc82aae74ae78cbb82976d31efb9766eeeba,4900100,0,0xd551234ae421e3bcba99a0da6d736074f22192ff,0x8681865a92bc891cd5905eca0fe507191670a65c,3000000000000000000,21000,100000000000,0x
0x2dbe7a83ae8be09146fb8afb2a488642964b0d4c434acd8745288fb61ce40e47,243971,0xcebe6edeb7b1f38c730d2a1e0724cc82aae74ae78cbb82976d31efb9766eeeba,4900100,1,0xeed16856d551569d134530ee3967ec79995e2051,0xcb0dec549596daf2a26617bcced8d54d53972474,2007212610000000000,30000,100000000000,0x
0x8381c1180a42ef43b7caab19905642a3ff2d8232098e4c32ecd0ec199b6acea8,46220,0xcebe6edeb7b1f38c730d2a1e0724cc82aae74ae78cbb82976d31efb9766eeeba,4900100,2,0x4d468cf47eb6df39618dc9450be4b56a70a520c1,0x86fa049857e0209aa7d9e616f7eb3b3b78ecfdb0,0,104346,100000000000,0xa9059cbb0000000000000000000000002f0e6e2357e4108b3388960fedd64a409a5fe14700000000000000000000000000000000000000000000000a37087f23a12e8000
0x84e9a77de601a8dde98eeda25524c43741ef07623d7ae35f09b88fe423392a94,85,0xcebe6edeb7b1f38c730d2a1e0724cc82aae74ae78cbb82976d31efb9766eeeba,4900100,3,0xd8a9b9c64543b246ccf9305014f6e132088ce9ff,0x0d8775f648430679a709e98d2b0cb6250d2887ef,0,200000,100000000000,0xa9059cbb00000000000000000000000073295d3c0ca46113ca226222c81c79adabf9f39100000000000000000000000000000000000000000000001eaf0cab9fb0df0000
0xbeab23c13faa52b0ec3bc4ee5dd6167209de184c6d7376ebb5cedba8641cebae,81420,0xcebe6edeb7b1f38c730d2a1e0724cc82aae74ae78cbb82976d31efb9766eeeba,4900100,4,0x564286362092d8e7936f0549571a803b203aaced,0xdb6fa31ba1d4d593d4ed85718078ccd07264f942,502487000000000000,21000,100000000000,0x
0x9820d31b16fe320fa04a750afd04eeda7437e14a8b3e2b856ee68e0f2e56ac9e,1,0xcebe6edeb7b1f38c730d2a1e0724cc82aae74ae78cbb82976d31efb9766eeeba,4900100,5,0x444a79081003e0d76fb13a434cb1ee4e2a9d9e81,0x666f1dd3f2144ae48e496c98f27ce540534bf190,34646483105830118428,21000,80000000000,0x
0x5c0de8e962dcfc32af76ba148823a10ae9e389120d01f0a8172b2c4b678cd187,1,0xcebe6edeb7b1f38c730d2a1e0724cc82aae74ae78cbb82976d31efb9766eeeba,4900100,6,0x4b404521070964faf3ef77c75e0165946363c76e,0xb5710b08300281d7379e5bd5503d0ef2f010b435,42951157695830118428,21000,80000000000,0x
0x380bdd0cf1a7ceb355e9a85cd87027f611455fa13e5004197a057fe1d37f8e42,1,0xcebe6edeb7b1f38c730d2a1e0724cc82aae74ae78cbb82976d31efb9766eeeba,4900100,7,0xa1ca82df6a7e4f32e0acd8074221053a90bf776e,0x734f704824a3110122ab4769a0e572004ed63ca4,24385079195830118428,21000,80000000000,0x
0xf1d5e70c9769f079412e8d79cbb2e1dda7a956719bc01e15b4143adb91d5660b,258024,0xcebe6edeb7b1f38c730d2a1e0724cc82aae74ae78cbb82976d31efb9766eeeba,4900100,8,0x7ae17a0f6f8f02b5b6e76b327db15f91306194e6,0x5bc2adeb1527a4847733cc8e56fe255bb6d8fa73,8500000000000000000,90000,80000000000,0x
